{
    "accuracy": 0.9465,
    "precision": 0.34459459459459457,
    "recall": 0.8360655737704918,
    "f1_score": 0.4880382775119617,
    "roc_auc_score": 0.9613625411104254,
    "confusion_matrix": [
        [
            1842,
            97
        ],
        [
            10,
            51
        ]
    ]
}